metric,tempest-full,tempest-full-py3
accuracy,0.84555554,0.7403101
average\_loss,1.6437244,3.6191642
loss,1479.352,933.7444
