metric,tempest-full,tempest-full-py3
accuracy,0.925000011920929,0.7749999761581421
average\_loss,0.9778541922569275,3.270744562149048
loss,586.7125244140625,1962.44677734375
