metric,tempest-full,tempest-full-py3
accuracy,0.996666669845581,0.9433333277702332
loss,65.4967269897461,242.36944580078125
auc\_precision\_recall,0.964629590511322,0.6083177328109741
