metric,tempest-full,tempest-full-py3
accuracy,0.9944444298744202,0.9534883499145508
loss,47.17594528198242,86.87318420410156
auc\_precision\_recall,0.9485331773757935,0.5549628734588623
